<?xml version="1.0" encoding="UTF-8"?>
<beans xmlns="http://www.springframework.org/schema/beans"
	xmlns:xsi="http://www.w3.org/2001/XMLSchema-instance"
	xmlns:mvc="http://www.springframework.org/schema/mvc"
	xmlns:context="http://www.springframework.org/schema/context"
	xsi:schemaLocation="http://www.springframework.org/schema/mvc http://www.springframework.org/schema/mvc/spring-mvc-4.3.xsd
		http://www.springframework.org/schema/beans http://www.springframework.org/schema/beans/spring-beans-3.2.xsd
		http://www.springframework.org/schema/context http://www.springframework.org/schema/context/spring-context-4.3.xsd">

	<!-- 1. Context Package -> Controller package
		 2. View Resolver
		 3. Resources folder -> for images, css, media, js 
		 4. annotation driven -->
		 
	<context:component-scan
		base-package="com.koyiCaseStudyApp.controller"></context:component-scan>

	<mvc:annotation-driven></mvc:annotation-driven>

	<!-- bean defines a single (usually named) bean. A bean definition may contain nested tags for constructor arguments,
		 property values, lookup methods, and replaced methods. -->
	<bean id="viewResolver"
		class="org.springframework.web.servlet.view.UrlBasedViewResolver">
		<property name="viewClass"
			value="org.springframework.web.servlet.view.JstlView"></property>
		<property name="prefix" value="/WEB-INF/views/"></property>
		<property name="suffix" value=".jsp"></property>
	</bean>
	
	<!-- A handler for serving static resources like images, js and css files -->
	<mvc:resources mapping="/resources/**" location="/resources/"></mvc:resources>

</beans>
